"","time","gFx","gFy","gFz","ax","ay","az","wx","wy","wz","gN","gNm","gNsd","switch","dt","pid"
"1",0.029409,0,0,0,0.3202,-0.0687,0.4563,0,0,0,0.8,0.272677345,0.190343574715513,0,0,1
"2",0.111908,0.069,0.3069,0.9308,0.1093,-0.0113,-0.3746,-0.1795,0.0259,-0.0298,0.16533725,0.216306081,0.141324867337558,0,0.082499,1
"3",0.13194,0.069,0.3069,0.9308,-0.0789,-0.011,-0.4334,-0.1795,0.0259,-0.0298,0.16533725,0.261604738,0.188047045126991,0,0.020032,1
"4",0.154753,0.069,0.3069,0.9308,-0.0396,-0.1638,-0.5258,-0.1795,0.0259,-0.0298,0.16533725,0.306903395,0.214920298298382,0,0.022813,1
"5",0.169886,0.0068,0.3191,0.9343,-0.0396,-0.1638,-0.5258,-0.1795,0.0259,-0.0298,0.17478754,0.352202052,0.229041150117172,0,0.015133,1
"6",0.170593,0.0068,0.3191,0.9343,-0.0396,-0.1638,-0.5258,-0.4036,0.1498,0.0814,0.17478754,0.39655568,0.233764144953031,0,0.000706999999999985,1
"7",0.172658,0.0068,0.3191,0.9343,-0.6523,0.3457,-0.2307,-0.4036,0.1498,0.0814,0.17478754,0.381236716,0.254050870118944,0,0.00206500000000001,1
"8",0.191497,0.0068,0.3191,0.9343,-0.3412,0.2883,0.0628,-0.4036,0.1498,0.0814,0.17478754,0.365917752,0.271875933836701,0,0.018839,1
"9",0.21159,0.0068,0.3191,0.9343,-0.2537,0.6479,0.9986,-0.4036,0.1498,0.0814,0.17478754,0.350598788,0.287697257268432,0,0.020093,1
"10",0.2309,0.0068,0.3191,0.9343,0.1031,0.2075,1.7474,-0.4036,0.1498,0.0814,0.17478754,0.335279824,0.301830101097942,0,0.01931,1
"11",0.233017,0.0734,0.2805,1.1551,0.1031,0.2075,1.7474,-0.4036,0.1498,0.0814,0.61832382,0.31996086,0.314502174343237,0,0.00211700000000001,1
"12",0.233458,0.0734,0.2805,1.1551,0.1031,0.2075,1.7474,0.2976,0.3676,0.1446,0.61832382,0.262550896,0.306277974710024,0,0.000440999999999997,1
"13",0.250896,0.0734,0.2805,1.1551,0.3688,0.089,1.6817,0.2976,0.3676,0.1446,0.61832382,0.205140932,0.285265747824197,0,0.017438,1
"14",0.430975,-0.0493,0.3263,0.7438,-1.0874,-0.2044,-1.9497,-0.5487,-0.9143,-0.3528,0.13785938,0.305792609,0.22893620948439,0,0.180079,1
"15",0.44944,-0.0493,0.3263,0.7438,-1.4711,-0.2938,-1.4383,-0.5487,-0.9143,-0.3528,0.13785938,0.382403803,0.287253187304224,0,0.018465,1
"16",0.469457,-0.0493,0.3263,0.7438,-1.3479,-0.6248,-0.6332,-0.5487,-0.9143,-0.3528,0.13785938,0.459014997,0.315553744683851,0,0.020017,1
"17",0.48926,-0.0493,0.3263,0.7438,-0.1767,-0.773,0.5031,-0.5487,-0.9143,-0.3528,0.13785938,0.535626191,0.321855720029606,0,0.019803,1
"18",0.494961,0.1517,0.232,1.0216,-0.1767,-0.773,0.5031,-0.5487,-0.9143,-0.3528,0.32050345,0.612237385,0.307514568454505,0,0.00570100000000001,1
"19",0.495558,0.1517,0.232,1.0216,-0.1767,-0.773,0.5031,-1.2163,0.1177,0.298,0.32050345,0.61697395,0.302851211673526,0,0.000597000000000014,1
"20",0.509163,0.1517,0.232,1.0216,0.6969,-0.647,1.4515,-1.2163,0.1177,0.298,0.32050345,0.621710515,0.298031285858155,0,0.013605,1
"21",0.528969,0.1517,0.232,1.0216,0.7853,-0.5871,3.2161,-1.2163,0.1177,0.298,0.32050345,0.62644708,0.293047065547818,0,0.019806,1
"22",0.548937,0.1517,0.232,1.0216,-0.1408,-0.3495,3.3851,-1.2163,0.1177,0.298,0.32050345,0.631183645,0.287890017610699,0,0.019968,1
"23",0.560466,0.0446,0.223,1.2854,-0.1408,-0.3495,3.3851,-1.2163,0.1177,0.298,0.90397132,0.63592021,0.282550678978779,0,0.011529,1
"24",0.561368,0.0446,0.223,1.2854,-0.1408,-0.3495,3.3851,-0.2761,0.2541,0.144,0.90397132,0.582309988,0.276841995989977,0,0.000901999999999958,1
"25",0.568176,0.0446,0.223,1.2854,-0.4054,-0.0017,2.9479,-0.2761,0.2541,0.144,0.90397132,0.496030365,0.299015541880103,0,0.00680800000000004,1
"26",0.588282,0.0446,0.223,1.2854,0.2052,0.1808,2.2549,-0.2761,0.2541,0.144,0.90397132,0.409750742,0.292637130922592,0,0.020106,1
"27",0.608306,0.0446,0.223,1.2854,0.3846,0.5265,1.2552,-0.2761,0.2541,0.144,0.90397132,0.323471119,0.255577931500312,0,0.020024,1
"28",0.626536,0.1153,0.2501,1.045,0.3846,0.5265,1.2552,-0.2761,0.2541,0.144,0.3678691,0.237191496,0.168704061338096,0,0.01823,1
"29",0.627466,0.1153,0.2501,1.045,0.3846,0.5265,1.2552,0.3025,-0.052,0.0393,0.3678691,0.204522095,0.172182861588971,0,0.000929999999999986,1
"30",0.766912,0.1536,0.3034,0.7735,0.6481,0.4472,-1.8176,-0.2207,-0.0372,-0.1169,0.0860532300000001,0.219640479,0.118857791487847,0,0.139446,1
"31",0.787291,0.1536,0.3034,0.7735,1.4745,0.6341,-1.4698,-0.2207,-0.0372,-0.1169,0.0860532300000001,0.25956327,0.134959124118358,0,0.0203789999999999,1
"32",0.809244,0.1536,0.3034,0.7735,1.3965,0.6594,-1.1772,-0.2207,-0.0372,-0.1169,0.0860532300000001,0.299486061,0.136963181220108,0,0.021953,1
"33",0.824849,0.1777,0.3241,0.9516,1.3965,0.6594,-1.1772,-0.2207,-0.0372,-0.1169,0.24216066,0.339408852,0.125546876021594,0,0.0156050000000001,1
"34",0.825816,0.1777,0.3241,0.9516,1.3965,0.6594,-1.1772,0.1094,-1.1214,-0.3018,0.24216066,0.3637209,0.128135743772236,0,0.00096699999999994,1
"35",0.827278,0.1777,0.3241,0.9516,0.4823,0.6707,-0.0852,0.1094,-1.1214,-0.3018,0.24216066,0.402936653,0.145615997313136,0,0.00146199999999996,1
"36",0.846364,0.1777,0.3241,0.9516,0.717,0.6245,-0.7477,0.1094,-1.1214,-0.3018,0.24216066,0.442152406,0.150239035823757,0,0.019086,1
"37",0.871579,0.1777,0.3241,0.9516,0.4132,0.2176,-1.2286,0.1094,-1.1214,-0.3018,0.24216066,0.481368159,0.143255074839682,0,0.025215,1
"38",0.886192,0.1777,0.3241,0.9516,0.0357,-0.6442,-2.7156,0.1094,-1.1214,-0.3018,0.24216066,0.520583912,0.122697858252339,0,0.014613,1
"39",0.965549,0.1646,0.1489,0.3412,-1.7213,-2.7236,-4.5859,1.6059,-4.0028,1.4351,0.63431819,0.546488151,0.105857125500762,0,0.079357,1
"40",0.986033,0.1646,0.1489,0.3412,-1.5733,-3.6093,-3.7491,1.6059,-4.0028,1.4351,0.63431819,0.522577646,0.110707055823674,0,0.0204840000000001,1
"41",1.013105,0.1646,0.1489,0.3412,-2.0934,-4.1884,-2.8625,1.6059,-4.0028,1.4351,0.63431819,0.491298439,0.119469358651934,0,0.0270719999999999,1
"42",1.019443,0.2954,-0.0714,0.337,-2.0934,-4.1884,-2.8625,1.6059,-4.0028,1.4351,0.59407188,0.460019232,0.118809114936236,0,0.00633800000000018,1
"43",1.020343,0.2954,-0.0714,0.337,-2.0934,-4.1884,-2.8625,2.4391,-5.6582,2.108,0.59407188,0.432764656,0.11586513358864,0,0.000899999999999901,1
"44",1.026215,0.2954,-0.0714,0.337,-3.9681,-4.8782,-2.6937,2.4391,-5.6582,2.108,0.59407188,0.40551008,0.105276585389292,0,0.0058720000000001,1
"45",44.140397,0.166,-0.0133,1.0805,-0.8176,-5.4621,-4.7933,2.4391,-5.6582,2.108,0.39521314,0.29798506,0.113004770735961,1,43.114182,0
"46",44.152222,0.166,-0.0133,1.0805,-0.8176,-5.4621,-4.7933,2.4391,-5.6582,2.108,0.39521314,0.267792775,0.123945154748845,0,0.0118250000000018,2
"47",44.153021,0.166,-0.0133,1.0805,0.0314,0.0558,1.6743,2.4391,-5.6582,2.108,0.39521314,0.23760049,0.126210159650335,0,0.00079900000000066,2
"48",44.16006,-0.0254,0.07,1.0564,0.0314,0.0558,1.6743,2.4391,-5.6582,2.108,0.32152612,0.207408205,0.120290844409831,0,0.00703899999999891,2
"49",44.304549,0.0166,0.1339,0.8686,-0.0394,0.6435,-1.308,0.0755,0.1445,0.0209,0.02732927,0.201981429,0.149835705032242,0,0.144489,2
"50",44.324635,0.0166,0.1339,0.8686,-0.0311,0.6268,-0.7459,0.0755,0.1445,0.0209,0.02732927,0.242892391,0.15267485523168,0,0.0200859999999992,2
"51",44.342959,0.0166,0.1339,0.8686,0.3368,0.6019,-0.1435,0.0755,0.1445,0.0209,0.02732927,0.283803353,0.143000475058408,0,0.0183239999999998,2
"52",44.35902,0.0591,0.1307,0.9962,0.3368,0.6019,-0.1435,0.0755,0.1445,0.0209,0.21298974,0.324714315,0.117768042538102,0,0.0160610000000005,2
"53",44.361412,0.0591,0.1307,0.9962,0.3368,0.6019,-0.1435,-0.1077,0.1272,0.0611,0.21298974,0.34705923,0.115388644889894,0,0.00239200000000039,2
"54",44.36316,0.0591,0.1307,0.9962,0.5045,0.3787,-0.0199,-0.1077,0.1272,0.0611,0.21298974,0.347119317,0.115311203366803,0,0.00174799999999919,2
"55",44.384043,0.0591,0.1307,0.9962,0.0908,0.5007,-0.2001,-0.1077,0.1272,0.0611,0.21298974,0.347179404,0.115233674987209,0,0.0208829999999978,2
"56",44.402609,0.0591,0.1307,0.9962,-0.1294,0.2206,0.4478,-0.1077,0.1272,0.0611,0.21298974,0.347239491,0.115156059575684,0,0.0185659999999999,2
"57",44.422708,-0.01,0.1192,1.1055,-0.1294,0.2206,0.4478,-0.1077,0.1272,0.0611,0.43643889,0.347299578,0.115078356956129,0,0.0200990000000019,2
"58",44.42402,-0.01,0.1192,1.1055,-0.1294,0.2206,0.4478,0.0372,-0.1424,0.0339,0.43643889,0.32501475,0.117451356241825,0,0.00131199999999865,2
"59",44.424711,-0.01,0.1192,1.1055,-0.1965,0.1125,0.9709,0.0372,-0.1424,0.0339,0.43643889,0.314445778,0.110882271227953,0,0.000691000000003328,2
"60",44.442029,-0.01,0.1192,1.1055,-0.3145,0.0268,0.9338,0.0372,-0.1424,0.0339,0.43643889,0.303876806,0.102697155742243,0,0.0173179999999959,2
"61",44.601297,0.0692,0.1802,1.0457,0.2969,0.3854,0.156,0.3517,-0.1825,0.147,0.33074917,0.203029951,0.104468057394209,0,0.159268000000004,2
"62",46.550397,0.04,0.235,0.9304,-0.2641,-0.0592,-0.5085,-0.2339,0.0882,-0.0262,0.12246916,0.200943912,0.158483244774013,1,1.94909999999999,0
"63",46.567306,0.04,0.235,0.9304,-0.3869,-0.0073,-0.5908,-0.2339,0.0882,-0.0262,0.12246916,0.226980422,0.165394902289842,0,0.0169090000000054,3
"64",46.584573,0.0329,0.2242,0.8983,-0.3869,-0.0073,-0.5908,-0.2339,0.0882,-0.0262,0.0582909399999999,0.229392268,0.163870372906453,0,0.0172669999999968,3
"65",46.58628,0.0329,0.2242,0.8983,-0.3869,-0.0073,-0.5908,-0.3678,0.1372,0.0139,0.0582909399999999,0.238221936,0.155807148233405,0,0.00170700000000323,3
"66",46.591913,0.0329,0.2242,0.8983,-0.2116,0.0453,-0.744,-0.3678,0.1372,0.0139,0.0582909399999999,0.247051604,0.146713954930815,0,0.005632999999996,3
"67",76.11233,0.0329,0.2242,0.8983,-0.0593,0.071,-0.9069,-0.3678,0.1372,0.0139,0.0582909399999999,0.255881272,0.136384935051289,1,29.520417,0
"68",76.113714,0.0061,0.4016,1.0107,-0.0593,0.071,-0.9069,-0.3678,0.1372,0.0139,0.38283426,0.26471094,0.12451291199364,0,0.00138400000000161,4
"69",76.114342,0.0061,0.4016,1.0107,-0.0593,0.071,-0.9069,0.0592,0.3307,0.108,0.38283426,0.241217208,0.121885203146022,0,0.000627999999991857,4
"70",76.115923,0.0061,0.4016,1.0107,0.0023,0.2287,0.5915,0.0592,0.3307,0.108,0.38283426,0.217723476,0.113938459648213,0,0.00158100000000161,4
"71",76.362969,-0.0203,0.3894,0.9881,-0.3364,0.0387,0.7647,0.022,0.0258,-0.1164,0.32838606,0.3692238,0.117575466413637,0,0.247046000000012,4
"72",76.381696,-0.0203,0.3894,0.9881,-1.0885,0.14,0.2188,0.022,0.0258,-0.1164,0.32838606,0.343353522,0.151209935739483,0,0.0187269999999984,4
"73",76.401691,-0.0203,0.3894,0.9881,-0.4158,-0.095,0.5455,0.022,0.0258,-0.1164,0.32838606,0.317483244,0.174406506503466,0,0.0199949999999944,4
"74",76.419318,0.0423,0.4076,1.0352,-0.4158,-0.095,0.5455,0.022,0.0258,-0.1164,0.43956609,0.291612966,0.19100666175712,0,0.0176270000000045,4
"75",76.421765,0.0423,0.4076,1.0352,-0.4158,-0.095,0.5455,0.7634,0.2677,0.3221,0.43956609,0.254624685,0.194945357823884,0,0.00244699999998943,4
"76",76.423589,0.0423,0.4076,1.0352,0.5718,0.01,1.1795,0.7634,0.2677,0.3221,0.43956609,0.227567826,0.184944793015505,0,0.00182400000001337,4
"77",76.444179,0.0423,0.4076,1.0352,0.5943,-0.2474,-0.1777,0.7634,0.2677,0.3221,0.43956609,0.200510967,0.169642654204918,0,0.0205899999999986,4
"78",76.682425,0.0025,0.465,0.9134,0.1582,0.4948,0.0854,-0.6319,0.8219,0.1837,0.25053081,0.300701248,0.114319132938992,0,0.23824599999999,4
"79",76.69862,0.0025,0.465,0.9134,0.059,0.5765,-0.2032,-0.6319,0.8219,0.1837,0.25053081,0.280074586,0.140082546068487,0,0.0161950000000104,4
"80",76.72064,0.0025,0.465,0.9134,0.4051,0.4189,-0.3034,-0.6319,0.8219,0.1837,0.25053081,0.259447924,0.15884555522267,0,0.0220199999999977,4
"81",76.739051,0.0025,0.465,0.9134,-1.1608,0.68,0.0088,-0.6319,0.8219,0.1837,0.25053081,0.238821262,0.172902389395949,0,0.0184110000000004,4
"82",76.744891,-0.0609,0.4068,1.0114,-1.1608,0.68,0.0088,-0.6319,0.8219,0.1837,0.39212501,0.2181946,0.183338749988976,0,0.00583999999999207,4
"83",76.746118,-0.0609,0.4068,1.0114,-1.1608,0.68,0.0088,-1.1025,1.2055,0.2567,0.39212501,0.241013148,0.218264980488071,0,0.00122700000000009,4
"84",76.758408,-0.0609,0.4068,1.0114,0.5588,0.2902,1.4327,-1.1025,1.2055,0.2567,0.39212501,0.263831696,0.245985824535118,0,0.0122900000000072,4
"85",76.778831,-0.0609,0.4068,1.0114,0.5811,0.0305,1.1287,-1.1025,1.2055,0.2567,0.39212501,0.286650244,0.268740338880883,0,0.0204229999999939,4
"86",76.797886,-0.0609,0.4068,1.0114,0.7884,-0.4714,-1.1374,-1.1025,1.2055,0.2567,0.39212501,0.309468792,0.287709286114,0,0.0190550000000087,4
"87",76.809917,0.0346,0.2373,0.8356,0.7884,-0.4714,-1.1374,-1.1025,1.2055,0.2567,0.04426419,0.33228734,0.303603057618775,0,0.0120309999999932,4
"88",76.811628,0.0346,0.2373,0.8356,0.7884,-0.4714,-1.1374,-1.5651,0.8634,-0.3815,0.04426419,0.38989197,0.29746903020592,0,0.00171100000000024,4
"89",76.820034,0.0346,0.2373,0.8356,1.0684,-0.5336,-0.5049,-1.5651,0.8634,-0.3815,0.04426419,0.418838788,0.273192356129042,0,0.00840600000000791,4
"90",76.838936,0.0346,0.2373,0.8356,-0.1752,0.1395,0.481,-1.5651,0.8634,-0.3815,0.04426419,0.447785606,0.242730843441572,0,0.0189019999999971,4
"91",76.857833,0.0346,0.2373,0.8356,-0.477,-0.0323,0.9024,-1.5651,0.8634,-0.3815,0.04426419,0.476732424,0.20332343854856,0,0.0188969999999955,4
"92",76.875856,-0.1546,0.1807,1.1678,-0.477,-0.0323,0.9024,-1.5651,0.8634,-0.3815,0.62031049,0.505679242,0.147988304819657,0,0.0180229999999995,4
"93",76.878661,-0.1546,0.1807,1.1678,-0.477,-0.0323,0.9024,-0.7694,0.0101,-0.9887,0.62031049,0.47702143,0.151039931128175,0,0.00280499999999506,4
"94",76.879956,-0.1546,0.1807,1.1678,0.0123,-0.1567,1.7708,-0.7694,0.0101,-0.9887,0.62031049,0.418083939,0.196932616664692,0,0.00129500000001315,4
"95",76.897461,-0.1546,0.1807,1.1678,0.3318,-0.0492,2.6546,-0.7694,0.0101,-0.9887,0.62031049,0.359146448,0.216870185198148,0,0.0175049999999999,4
"96",76.918453,-0.1546,0.1807,1.1678,0.2205,-0.3137,1.8904,-0.7694,0.0101,-0.9887,0.62031049,0.300208957,0.218091095553287,0,0.0209919999999926,4
"97",76.937797,-0.1546,0.1807,1.1678,-0.0591,-0.309,0.8006,-0.7694,0.0101,-0.9887,0.62031049,0.241271466,0.200936810220687,0,0.0193440000000038,4
"98",77.41594,-0.047,0.3043,0.9519,-0.1481,-0.0173,0.0588,-0.1555,0.049,0.0744,0.2009211,0.222791199,0.105638467205677,0,0.478143000000003,4
"99",77.434295,-0.047,0.3043,0.9519,0.0496,-0.1974,0.9236,-0.1555,0.049,0.0744,0.2009211,0.207170451,0.119827940079617,0,0.0183549999999997,4
"100",0.036778,0.087,0.3055,0.9758,0.3202,-0.0687,0.4563,0,0,0,0.25308489,0.20921107,0.0462470669507496,0,0,0
"101",0.037436,0.087,0.3055,0.9758,0.3202,-0.0687,0.4563,-0.1328,0.0154,-0.076,0.25308489,0.201381335,0.0445921525837728,0,0,0
"102",0.05236,0.087,0.3055,0.9758,0.0053,0.0209,0.0659,-0.1328,0.0154,-0.076,0.25308489,0.1935516,0.0412540442187888,0,0,0
"103",0.072039,0.087,0.3055,0.9758,-0.1142,-0.0425,-0.2434,-0.1328,0.0154,-0.076,0.25308489,0.185721865,0.0357645002565537,0,0,0
"104",0.09191,0.087,0.3055,0.9758,-0.0613,0.0225,-0.3076,-0.1328,0.0154,-0.076,0.25308489,0.17789213,0.0268341203440736,0,0,0
"105",0.101932,0.069,0.3069,0.9308,-0.0613,0.0225,-0.3076,-0.1328,0.0154,-0.076,0.16533725,0.170062395,0.00498074015818548,0,0,0
"106",0.10239,0.069,0.3069,0.9308,-0.0613,0.0225,-0.3076,-0.1795,0.0259,-0.0298,0.16533725,0.171007424,0.00488010877157744,0,0,0
"107",0.270945,0.0734,0.2805,1.1551,0.1662,0.0186,0.6019,0.2976,0.3676,0.1446,0.61832382,0.147730968,0.248239128531942,0,0,0
"108",0.290877,0.0734,0.2805,1.1551,0.0795,-0.145,-0.5667,0.2976,0.3676,0.1446,0.61832382,0.090321004,0.185861647335518,0,0,0
"109",0.298581,0.0414,0.3085,0.8513,0.0795,-0.145,-0.5667,0.2976,0.3676,0.1446,0.0215978999999998,0.0329110399999999,0.0119250966294525,0,0,0
"110",0.29925,0.0414,0.3085,0.8513,0.0795,-0.145,-0.5667,0.8022,0.0805,0.036,0.0215978999999998,0.044537188,0.034664046576489,0,0,0
"111",0.310251,0.0414,0.3085,0.8513,0.093,0.101,-1.0341,0.8022,0.0805,0.036,0.0215978999999998,0.056163336,0.0442788042321629,0,0,0
"112",0.331084,0.0414,0.3085,0.8513,-0.3673,0.1128,-1.2687,0.8022,0.0805,0.036,0.0215978999999998,0.067789484,0.0491859437963877,0,0,0
"113",0.35016,0.0414,0.3085,0.8513,0.1029,-0.0738,-1.1817,0.8022,0.0805,0.036,0.0215978999999998,0.079415632,0.0507693787020346,0,0,0
"114",0.363809,0.0825,0.3429,0.7946,0.1029,-0.0738,-1.1817,0.8022,0.0805,0.036,0.0442241800000001,0.0910417800000001,0.0493500835275664,0,0,0
"115",0.364789,0.0825,0.3429,0.7946,0.1029,-0.0738,-1.1817,0.187,-0.2011,-0.2072,0.0442241800000001,0.1004053,0.0483530093625068,0,0,0
"116",0.370973,0.0825,0.3429,0.7946,0.335,-0.1017,-1.4691,0.187,-0.2011,-0.2072,0.0442241800000001,0.128033227,0.080757507745576,0,0,0
"117",0.390606,0.0825,0.3429,0.7946,0.1985,-0.2298,-2.1979,0.187,-0.2011,-0.2072,0.0442241800000001,0.155661154,0.0949173806791635,0,0,0
"118",0.40953,0.0825,0.3429,0.7946,-0.6912,0.0661,-2.1305,0.187,-0.2011,-0.2072,0.0442241800000001,0.183289081,0.0989980596151262,0,0,0
"119",0.429371,-0.0493,0.3263,0.7438,-0.6912,0.0661,-2.1305,0.187,-0.2011,-0.2072,0.13785938,0.210917008,0.0943169921858056,0,0,0
"120",0.430328,-0.0493,0.3263,0.7438,-0.6912,0.0661,-2.1305,-0.5487,-0.9143,-0.3528,0.13785938,0.229181415,0.0962618770538716,0,0,0
"121",0.628286,0.1153,0.2501,1.045,0.3553,0.2263,0.7164,0.3025,-0.052,0.0393,0.3678691,0.176340508,0.165406250687422,0,0,0
"122",0.647951,0.1153,0.2501,1.045,0.4506,0.2453,0.4545,0.3025,-0.052,0.0393,0.3678691,0.148158921,0.152665073665267,0,0,0
"123",0.667582,0.1153,0.2501,1.045,0.5423,0.3816,0.1164,0.3025,-0.052,0.0393,0.3678691,0.119977334,0.132246469431968,0,0,0
"124",0.687724,0.1153,0.2501,1.045,0.5657,0.3375,-0.6662,0.3025,-0.052,0.0393,0.3678691,0.091795747,0.0995326059463274,0,0,0
"125",0.691514,0.1558,0.2808,0.8591,0.5657,0.3375,-0.6662,0.3025,-0.052,0.0393,0.04117509,0.06361416,0.0236528565919849,0,0,0
"126",0.692079,0.1558,0.2808,0.8591,0.5657,0.3375,-0.6662,0.3457,-0.2529,-0.1046,0.04117509,0.083712717,0.0599730860836866,0,0,0
"127",0.707793,0.1558,0.2808,0.8591,0.5415,0.3411,-1.4658,0.3457,-0.2529,-0.1046,0.04117509,0.103811274,0.0757391139848781,0,0,0
"128",0.728194,0.1558,0.2808,0.8591,0.4609,0.2172,-2.0417,0.3457,-0.2529,-0.1046,0.04117509,0.123909831,0.0835367261951305,0,0,0
"129",0.747229,0.1558,0.2808,0.8591,0.3692,0.336,-1.9164,0.3457,-0.2529,-0.1046,0.04117509,0.144008388,0.0855726870149514,0,0,0
"130",0.757404,0.1536,0.3034,0.7735,0.3692,0.336,-1.9164,0.3457,-0.2529,-0.1046,0.0860532300000001,0.164106945,0.0822758397458831,0,0,0
"131",0.758325,0.1536,0.3034,0.7735,0.3692,0.336,-1.9164,-0.2207,-0.0372,-0.1169,0.0860532300000001,0.179717688,0.0806135302145653,0,0,0
"132",0.887916,0.311,0.1069,0.4545,0.0357,-0.6442,-2.7156,0.1094,-1.1214,-0.3018,0.48528114,0.559799665,0.0785494222920664,0,0,0
"133",0.888653,0.311,0.1069,0.4545,0.0357,-0.6442,-2.7156,1.8389,-2.7115,-0.377,0.48528114,0.570678739,0.0745118464284649,0,0,0
"134",0.906052,0.311,0.1069,0.4545,-1.9125,-0.904,-6.3991,1.8389,-2.7115,-0.377,0.48528114,0.581557813,0.0683447827347312,0,0,0
"135",0.925759,0.311,0.1069,0.4545,-4.0501,-0.566,-4.452,1.8389,-2.7115,-0.377,0.48528114,0.592436887,0.0593885001414651,0,0,0
"136",0.945795,0.311,0.1069,0.4545,-3.4368,-2.0363,-4.7369,1.8389,-2.7115,-0.377,0.48528114,0.603315961,0.0460431224415192,0,0,0
"137",0.953614,0.1646,0.1489,0.3412,-3.4368,-2.0363,-4.7369,1.8389,-2.7115,-0.377,0.63431819,0.594309161,0.072757636326779,0,0,0
"138",0.955147,0.1646,0.1489,0.3412,-3.4368,-2.0363,-4.7369,1.6059,-4.0028,1.4351,0.63431819,0.570398656,0.0942599499479426,0,0,0
"139",1.045107,0.2954,-0.0714,0.337,-5.2618,-5.3217,-4.3096,2.4391,-5.6582,2.108,0.59407188,0.378255504,0.0842074613147689,0,0,0
"140",44.095873,0.166,-0.0133,1.0805,-5.2618,-5.3217,-4.3096,2.4391,-5.6582,2.108,0.39521314,0.328177345,0.0902886198204306,0,0,0
"141",44.162148,-0.0254,0.07,1.0564,-0.4252,0.3468,0.5465,2.4391,-5.6582,2.108,0.32152612,0.17798852,0.125157381320598,0,0,0
"142",44.18366,-0.0254,0.07,1.0564,-0.5057,0.3507,-0.6988,2.4391,-5.6582,2.108,0.32152612,0.148568835,0.122210801137978,0,0,0
"143",44.201697,-0.0254,0.07,1.0564,-0.4703,0.4714,-1.2478,2.4391,-5.6582,2.108,0.32152612,0.11914915,0.110829674257846,0,0,0
"144",44.22158,-0.0254,0.07,1.0564,-0.1834,0.5503,-1.4044,2.4391,-5.6582,2.108,0.32152612,0.089729465,0.0877928268309637,0,0,0
"145",44.225071,0.0129,0.0939,0.8353,-0.1834,0.5503,-1.4044,2.4391,-5.6582,2.108,0.09329029,0.06030978,0.0347645099979866,0,0,0
"146",44.236106,0.0129,0.0939,0.8353,-0.1834,0.5503,-1.4044,0.4947,0.0329,-0.0286,0.09329029,0.072279725,0.0593181635207896,0,0,0
"147",44.243766,0.0129,0.0939,0.8353,0.1481,0.5713,-2.1152,0.4947,0.0329,-0.0286,0.09329029,0.0842496699999999,0.0742315217246113,0,0,0
"148",44.263623,0.0129,0.0939,0.8353,-0.1035,0.6449,-1.5705,0.4947,0.0329,-0.0286,0.09329029,0.0962196149999999,0.0847560855491629,0,0,0
"149",44.283511,0.0129,0.0939,0.8353,-0.2567,0.5373,-1.478,0.4947,0.0329,-0.0286,0.09329029,0.10818956,0.0924038429053461,0,0,0
"150",44.291314,0.0166,0.1339,0.8686,-0.2567,0.5373,-1.478,0.4947,0.0329,-0.0286,0.02732927,0.120159505,0.0978516594428935,0,0,0
"151",44.291944,0.0166,0.1339,0.8686,-0.2567,0.5373,-1.478,0.0755,0.1445,0.0209,0.02732927,0.161070467,0.13368813378312,0,0,0
"152",44.463317,-0.01,0.1192,1.1055,-0.4965,-0.053,0.4793,0.0372,-0.1424,0.0339,0.43643889,0.293307834,0.0924678552669797,0,0,0
"153",44.482092,-0.01,0.1192,1.1055,-0.2435,-0.0899,0.0662,0.0372,-0.1424,0.0339,0.43643889,0.282738862,0.0794082706842009,0,0,0
"154",44.48829,0.0156,0.1294,0.9983,-0.2435,-0.0899,0.0662,0.0372,-0.1424,0.0339,0.21359061,0.27216989,0.0617479828309162,0,0,0
"155",44.488946,0.0156,0.1294,0.9983,-0.2435,-0.0899,0.0662,0.3199,-0.119,0.1677,0.21359061,0.27636545,0.0586743441069927,0,0,0
"156",44.501971,0.0156,0.1294,0.9983,0.012,0.0436,0.0072,0.3199,-0.119,0.1677,0.21359061,0.28056101,0.0550765536800956,0,0,0
"157",44.521744,0.0156,0.1294,0.9983,0.0344,0.1906,-0.0125,0.3199,-0.119,0.1677,0.21359061,0.28475657,0.050843462808498,0,0,0
"158",44.541376,0.0156,0.1294,0.9983,0.0595,0.29,0.4095,0.3199,-0.119,0.1677,0.21359061,0.28895213,0.0457992520859651,0,0,0
"159",44.554739,0.0692,0.1802,1.0457,0.0595,0.29,0.4095,0.3199,-0.119,0.1677,0.33074917,0.29314769,0.0396354400644227,0,0,0
"160",44.557207,0.0692,0.1802,1.0457,0.0595,0.29,0.4095,0.3517,-0.1825,0.147,0.33074917,0.285627394,0.0388346415554003,0,0,0
"161",44.561212,0.0692,0.1802,1.0457,0.4291,0.2856,0.4983,0.3517,-0.1825,0.147,0.33074917,0.258094913,0.079547506110699,0,0,0
"162",44.582056,0.0692,0.1802,1.0457,0.6939,0.3622,0.2086,0.3517,-0.1825,0.147,0.33074917,0.230562432,0.0972777172434306,0,0,0
"163",44.620686,0.0514,0.2061,1.0052,0.2969,0.3854,0.156,0.3517,-0.1825,0.147,0.25554621,0.17549747,0.103342478968296,0,0,0
"164",44.622117,0.0514,0.2061,1.0052,0.2969,0.3854,0.156,0.3492,-0.1873,0.0201,0.25554621,0.155485285,0.105473475927761,0,0,0
"165",44.623181,0.0514,0.2061,1.0052,0.0432,0.3114,0.1728,0.3492,-0.1873,0.0201,0.25554621,0.137405466,0.101849238155474,0,0,0
"166",44.641183,0.0514,0.2061,1.0052,0.0322,0.0615,0.247,0.3492,-0.1873,0.0201,0.25554621,0.119325647,0.0943158566916361,0,0,0
"167",44.660574,0.0514,0.2061,1.0052,-0.2828,-0.1261,0.2547,0.3492,-0.1873,0.0201,0.25554621,0.101245828,0.0818003340834536,0,0,0
"168",44.681885,0.0514,0.2061,1.0052,-0.0819,-0.1987,-0.4995,0.3492,-0.1873,0.0201,0.25554621,0.083166009,0.0613246183103698,0,0,0
"169",44.684322,0.0702,0.1844,0.9036,-0.0819,-0.1987,-0.4995,0.3492,-0.1873,0.0201,0.05542436,0.06508619,0.0101844630551149,0,0,0
"170",44.684906,0.0702,0.1844,0.9036,-0.0819,-0.1987,-0.4995,0.3889,-0.0625,0.0716,0.05542436,0.083234943,0.05484367425944,0,0,0
"171",44.700296,0.0702,0.1844,0.9036,-0.0231,-0.1756,-0.7551,0.3889,-0.0625,0.0716,0.05542436,0.101383696,0.0719721092695488,0,0,0
"172",44.719756,0.0702,0.1844,0.9036,-0.3967,-0.1142,-0.8584,0.3889,-0.0625,0.0716,0.05542436,0.119532449,0.0813645562085724,0,0,0
"173",44.740296,0.0702,0.1844,0.9036,-0.3022,-0.0116,-0.7612,0.3889,-0.0625,0.0716,0.05542436,0.137681202,0.0856063554253174,0,0,0
"174",44.750267,0.0353,0.2247,0.9072,-0.3022,-0.0116,-0.7612,0.3889,-0.0625,0.0716,0.07474802,0.155829955,0.0854678638979082,0,0,0
"175",44.751396,0.0353,0.2247,0.9072,-0.3022,-0.0116,-0.7612,0.013,0.2326,0.1686,0.07474802,0.172046342,0.0837410623822059,0,0,0
"176",44.778801,0.0353,0.2247,0.9072,-0.1272,0.0144,-0.6007,0.013,0.2326,0.1686,0.07474802,0.184557561,0.0766336389297594,0,0,0
"177",44.779917,0.0353,0.2247,0.9072,-0.0523,0.0245,-0.0051,0.013,0.2326,0.1686,0.07474802,0.19706878,0.0662194678522173,0,0,0
"178",44.800045,0.0353,0.2247,0.9072,0.2494,0.0792,-0.0476,0.013,0.2326,0.1686,0.07474802,0.209579999,0.0504923306051801,0,0,0
"179",44.817577,0.0758,0.2316,0.9887,0.2494,0.0792,-0.0476,0.013,0.2326,0.1686,0.23691189,0.222091218,0.0191334052785342,0,0,0
"180",44.818841,0.0758,0.2316,0.9887,0.2494,0.0792,-0.0476,-0.0523,0.1527,0.1596,0.23691189,0.21838605,0.0195279499892846,0,0,0
"181",44.819839,0.0758,0.2316,0.9887,0.2917,0.0879,0.1253,-0.0523,0.1527,0.1596,0.23691189,0.214412299,0.0193818033315309,0,0,0
"182",44.839082,0.0758,0.2316,0.9887,0.2011,0.0386,0.3871,-0.0523,0.1527,0.1596,0.23691189,0.210438548,0.0182996538814341,0,0,0
"183",44.859312,0.0758,0.2316,0.9887,0.1803,-0.0388,0.2689,-0.0523,0.1527,0.1596,0.23691189,0.206464797,0.0160937853278346,0,0,0
"184",44.878617,0.0758,0.2316,0.9887,0.2469,-0.097,0.0553,-0.0523,0.1527,0.1596,0.23691189,0.202491046,0.0121676654447992,0,0,0
"185",44.880474,0.0756,0.2146,0.9737,0.2469,-0.097,0.0553,-0.0523,0.1527,0.1596,0.19986021,0.198517295,0.00141555670133501,0,0,0
"186",44.881155,0.0756,0.2146,0.9737,0.2469,-0.097,0.0553,0.0737,0.0263,0.1204,0.19986021,0.207865612,0.0300634641224515,0,0,0
"187",44.898653,0.0756,0.2146,0.9737,0.3284,-0.0695,-0.0789,0.0737,0.0263,0.1204,0.19986021,0.217213929,0.040142467024244,0,0,0
"188",44.919423,0.0756,0.2146,0.9737,0.1781,-0.0485,-0.1945,0.0737,0.0263,0.1204,0.19986021,0.226562246,0.0460957823670069,0,0,0
"189",44.938427,0.0756,0.2146,0.9737,0.1635,-0.0055,-0.1546,0.0737,0.0263,0.1204,0.19986021,0.235910563,0.0494370544707487,0,0,0
"190",44.948495,0.0617,0.2182,0.9725,0.1635,-0.0055,-0.1546,0.0737,0.0263,0.1204,0.19717438,0.24525888,0.0506855133834554,0,0,0
"191",44.951911,0.0617,0.2182,0.9725,0.1635,-0.0055,-0.1546,-0.0075,0.1401,0.055,0.19717438,0.238003491,0.0622149381031676,0,0,0
"192",44.958117,0.0617,0.2182,0.9725,0.0264,0.054,0.1189,-0.0075,0.1401,0.055,0.19717438,0.230748102,0.0711013116177904,0,0,0
"193",44.978431,0.0617,0.2182,0.9725,0.1911,-0.023,0.0786,-0.0075,0.1401,0.055,0.19717438,0.223492713,0.078250336987849,0,0,0
"194",44.998026,0.0617,0.2182,0.9725,0.1167,0.006,0.49,-0.0075,0.1401,0.055,0.19717438,0.216237324,0.0841062108170754,0,0,0
"195",45.011747,0.0483,0.2157,1.022,0.1167,0.006,0.49,-0.0075,0.1401,0.055,0.29334338,0.208981935,0.0889247709676744,0,0,0
"196",45.013081,0.0483,0.2157,1.022,0.1167,0.006,0.49,0.1116,0.1006,0.0231,0.29334338,0.192109646,0.0871281257458647,0,0,0
"197",45.018084,0.0483,0.2157,1.022,0.1126,-0.0889,0.442,0.1116,0.1006,0.0231,0.29334338,0.181967472,0.0796135961141866,0,0,0
"198",45.037723,0.0483,0.2157,1.022,5e-04,0.0173,0.1521,0.1116,0.1006,0.0231,0.29334338,0.171825298,0.069690408888471,0,0,0
"199",45.057876,0.0483,0.2157,1.022,0.0301,0.0352,-0.1347,0.1116,0.1006,0.0231,0.29334338,0.161683124,0.056094522998378,0,0,0
"200",45.077357,0.0338,0.2354,0.9317,0.0301,0.0352,-0.1347,0.1116,0.1006,0.0231,0.12462049,0.15154095,0.0347541644174143,0,0,0
"201",45.079718,0.0338,0.2354,0.9317,0.0301,0.0352,-0.1347,0.1289,-0.0428,0.0071,0.12462049,0.158271065,0.0354708205247735,0,0,0
"202",45.081992,0.0338,0.2354,0.9317,-0.019,0.0192,-0.4005,0.1289,-0.0428,0.0071,0.12462049,0.165241133,0.03496830687564,0,0,0
"203",45.097556,0.0338,0.2354,0.9317,0.0369,0.0293,-0.3145,0.1289,-0.0428,0.0071,0.12462049,0.172211201,0.0328546222127489,0,0,0
"204",45.117329,0.0338,0.2354,0.9317,-0.005,-0.0256,-0.2811,0.1289,-0.0428,0.0071,0.12462049,0.179181269,0.0287769048662509,0,0,0
"205",45.137469,0.0338,0.2354,0.9317,-0.0698,-0.0012,-0.1627,0.1289,-0.0428,0.0071,0.12462049,0.186151337,0.0216525897888759,0,0,0
"206",45.144243,0.0256,0.2362,0.9672,-0.0698,-0.0012,-0.1627,0.1289,-0.0428,0.0071,0.19192164,0.193121405,0.00126466335231733,0,0,0
"207",45.145855,0.0256,0.2362,0.9672,-0.0698,-0.0012,-0.1627,-0.0229,0.0422,0.008,0.19192164,0.195042587,0.00577811625444381,0,0,0
"208",45.157624,0.0256,0.2362,0.9672,-0.0158,-0.0573,0.0812,-0.0229,0.0422,0.008,0.19192164,0.196963769,0.00754796608367585,0,0,0
"209",45.177284,0.0256,0.2362,0.9672,0.0944,-0.0742,0.2079,-0.0229,0.0422,0.008,0.19192164,0.198884951,0.0085061664130238,0,0,0
"210",45.197014,0.0256,0.2362,0.9672,0.047,-0.0674,0.0618,-0.0229,0.0422,0.008,0.19192164,0.200806133,0.00891828753668928,0,0,0
"211",45.208422,0.0406,0.2359,0.968,0.047,-0.0674,0.0618,-0.0229,0.0422,0.008,0.19432117,0.202727315,0.00886085484721202,0,0,0
"212",45.209262,0.0406,0.2359,0.968,0.047,-0.0674,0.0618,0.0275,-0.0079,0.0155,0.19432117,0.204408544,0.00868182922421457,0,0,0
"213",45.217739,0.0406,0.2359,0.968,0.047,-0.0249,-0.0636,0.0275,-0.0079,0.0155,0.19432117,0.20531243,0.00795502354552138,0,0,0
"214",45.236147,0.0406,0.2359,0.968,-0.0023,-0.0191,-0.1019,0.0275,-0.0079,0.0155,0.19432117,0.206216316,0.00702673914297407,0,0,0
"215",45.256492,0.0406,0.2359,0.968,0.1398,0.0495,-0.004,0.0275,-0.0079,0.0155,0.19432117,0.207120202,0.00580104721573954,0,0,0
"216",45.274326,0.0545,0.2439,0.974,0.1398,0.0495,-0.004,0.0275,-0.0079,0.0155,0.21113346,0.208024088,0.00401418199105448,0,0,0
"217",45.277005,0.0545,0.2439,0.974,0.1398,0.0495,-0.004,-0.0193,0.0418,0.0078,0.21113346,0.207246745,0.00409695733864704,0,0,0
"218",45.278143,0.0545,0.2439,0.974,0.2194,0.0422,0.0247,-0.0193,0.0418,0.0078,0.21113346,0.208003106,0.00538875479745073,0,0,0
"219",45.296209,0.0545,0.2439,0.974,0.0881,0.1143,0.0727,-0.0193,0.0418,0.0078,0.21113346,0.208759467,0.00632621560253842,0,0,0
"220",45.317794,0.0545,0.2439,0.974,0.005,0.1159,0.023,-0.0193,0.0418,0.0078,0.21113346,0.209515828,0.00705209445363223,0,0,0
"221",45.335816,0.0545,0.2439,0.974,-0.0069,0.0746,-0.0253,-0.0193,0.0418,0.0078,0.21113346,0.210272189,0.0076270423669007,0,0,0
"222",45.339865,0.0363,0.2453,0.9705,-0.0069,0.0746,-0.0253,-0.0193,0.0418,0.0078,0.20336003,0.21102855,0.0080833298275181,0,0,0
"223",45.341636,0.0363,0.2453,0.9705,-0.0069,0.0746,-0.0253,0.0141,-0.0248,-0.0186,0.20336003,0.208956121,0.0119835898489433,0,0,0
"224",45.355947,0.0363,0.2453,0.9705,-0.0038,0.003,-0.044,0.0141,-0.0248,-0.0186,0.20336003,0.206883692,0.0145714882672893,0,0,0
"225",45.37667,0.0363,0.2453,0.9705,-0.1114,-0.0475,0.0544,0.0141,-0.0248,-0.0186,0.20336003,0.204811263,0.0164774316890892,0,0,0
"226",45.395432,0.0363,0.2453,0.9705,-0.1117,-0.0953,0.142,0.0141,-0.0248,-0.0186,0.20336003,0.202738834,0.0179203482081752,0,0,0
"227",45.405797,0.0175,0.2321,0.9821,-0.1117,-0.0953,0.142,0.0141,-0.0248,-0.0186,0.21869707,0.200666405,0.0190059897091599,0,0,0
"228",45.408263,0.0175,0.2321,0.9821,-0.1117,-0.0953,0.142,0.0151,0.0764,0.0117,0.21869707,0.197060272,0.0186219907376119,0,0,0
"229",45.416197,0.0175,0.2321,0.9821,-0.1749,-0.0855,0.0533,0.0151,0.0764,0.0117,0.21869707,0.200858184,0.0259543876551362,0,0,0
"230",45.435859,0.0175,0.2321,0.9821,-0.1037,-0.0695,-0.0442,0.0151,0.0764,0.0117,0.21869707,0.204656096,0.0311195807088923,0,0,0
"231",45.455612,0.0175,0.2321,0.9821,-0.0296,-0.0237,-0.1122,0.0151,0.0764,0.0117,0.21869707,0.208454008,0.0350880711049243,0,0,0
"232",45.474244,0.0418,0.2375,0.9615,-0.0296,-0.0237,-0.1122,0.0151,0.0764,0.0117,0.18263574,0.21225192,0.0382343239727602,0,0,0
"233",45.476179,0.0418,0.2375,0.9615,-0.0296,-0.0237,-0.1122,-0.0117,0.0244,0.0412,0.18263574,0.219655965,0.0390227434973021,0,0,0
"234",45.476839,0.0418,0.2375,0.9615,0.1088,-0.0258,-0.1118,-0.0117,0.0244,0.0412,0.18263574,0.219352144,0.0393534251990914,0,0,0
"235",45.494853,0.0418,0.2375,0.9615,0.1014,-0.0037,-0.1027,-0.0117,0.0244,0.0412,0.18263574,0.219048323,0.0396787665210692,0,0,0
"236",45.515233,0.0418,0.2375,0.9615,0.0096,0.0025,0.072,-0.0117,0.0244,0.0412,0.18263574,0.218744502,0.0399988977755058,0,0,0
"237",45.537006,0.0418,0.2375,0.9615,-0.0749,-0.0393,0.2663,-0.0117,0.0244,0.0412,0.18263574,0.218440681,0.040313943081346,0,0,0
"238",45.538944,0.0291,0.2333,1.0007,-0.0749,-0.0393,0.2663,-0.0117,0.0244,0.0412,0.25667619,0.21813686,0.0406240207656189,0,0,0
"239",45.541207,0.0291,0.2333,1.0007,-0.0749,-0.0393,0.2663,0.0312,-0.0039,0.0516,0.25667619,0.207607887,0.0430949117742232,0,0,0
"240",45.554034,0.0291,0.2333,1.0007,0.1975,-0.0893,0.2372,0.0312,-0.0039,0.0516,0.25667619,0.197078914,0.0426342331905581,0,0,0
"241",45.574558,0.0291,0.2333,1.0007,0.3118,-0.0241,0.0836,0.0312,-0.0039,0.0516,0.25667619,0.186549941,0.0391386039597971,0,0,0
"242",45.593881,0.0291,0.2333,1.0007,0.4955,0.0438,-0.0089,0.0312,-0.0039,0.0516,0.25667619,0.176020968,0.0316169078398405,0,0,0
"243",45.606266,0.0506,0.2546,0.9551,0.4955,0.0438,-0.0089,0.0312,-0.0039,0.0516,0.17959753,0.165491995,0.0148685394050743,0,0,0
"244",45.608054,0.0506,0.2546,0.9551,0.4955,0.0438,-0.0089,0.1059,-0.2875,-0.0426,0.17959753,0.172527908,0.0306048906310604,0,0,0
"245",45.614809,0.0506,0.2546,0.9551,-0.0963,0.0922,-0.1303,0.1059,-0.2875,-0.0426,0.17959753,0.179563821,0.0392713145784433,0,0,0
"246",45.636216,0.0506,0.2546,0.9551,-0.342,0.0635,-0.2405,0.1059,-0.2875,-0.0426,0.17959753,0.186599734,0.0451420415863072,0,0,0
"247",45.653434,0.0506,0.2546,0.9551,0.1683,0.0075,-0.3395,0.1059,-0.2875,-0.0426,0.17959753,0.193635647,0.0492276613310209,0,0,0
"248",45.667781,0.0914,0.2495,0.9385,0.1683,0.0075,-0.3395,0.1059,-0.2875,-0.0426,0.15138646,0.20067156,0.0519510569030548,0,0,0
"249",45.669576,0.0914,0.2495,0.9385,0.1683,0.0075,-0.3395,0.0026,-0.3445,-0.0041,0.15138646,0.21052858,0.0509014324043112,0,0,0
"250",45.673178,0.0914,0.2495,0.9385,0.295,-0.0096,-0.3123,0.0026,-0.3445,-0.0041,0.15138646,0.21899498,0.0468512766318841,0,0,0
"251",45.692871,0.0914,0.2495,0.9385,0.0184,-0.0582,-0.1711,0.0026,-0.3445,-0.0041,0.15138646,0.22746138,0.0404949341552962,0,0,0
"252",45.714462,0.0914,0.2495,0.9385,-0.1316,-0.0538,0.0517,0.0026,-0.3445,-0.0041,0.15138646,0.23592778,0.0304195419331718,0,0,0
"253",45.737416,0.0504,0.2341,0.9963,-0.1316,-0.0538,0.0517,0.0026,-0.3445,-0.0041,0.24995666,0.24439418,0.00718113080120399,0,0,0
"254",45.738996,0.0504,0.2341,0.9963,-0.1316,-0.0538,0.0517,-0.1449,0.258,0.0065,0.24995666,0.24300356,0.0073292109329723,0,0,0
"255",45.739954,0.0504,0.2341,0.9963,-0.1746,-0.1355,0.2302,-0.1449,0.258,0.0065,0.24995666,0.24032092,0.00917782881419496,0,0,0
"256",45.753548,0.0504,0.2341,0.9963,-0.0914,-0.1475,0.3284,-0.1449,0.258,0.0065,0.24995666,0.23763828,0.00993757520097893,0,0,0
"257",45.772847,0.0504,0.2341,0.9963,-0.2004,-0.1421,0.614,-0.1449,0.258,0.0065,0.24995666,0.23495564,0.00986336201795987,0,0,0
"258",45.792396,0.0504,0.2341,0.9963,-0.3563,-0.2482,0.3457,-0.1449,0.258,0.0065,0.24995666,0.232273,0.00893443171160501,0,0,0
"259",45.798073,0.0239,0.2169,0.9942,-0.3563,-0.2482,0.3457,-0.1449,0.258,0.0065,0.23605046,0.22959036,0.00680954330415122,0,0,0
"260",45.799928,0.0239,0.2169,0.9942,-0.3563,-0.2482,0.3457,0.0495,-0.0382,0.0305,0.23605046,0.224673419,0.01474945611348,0,0,0
"261",45.812118,0.0239,0.2169,0.9942,-0.3069,-0.1749,0.0632,0.0495,-0.0382,0.0305,0.23605046,0.219756478,0.0183029478667992,0,0,0
"262",45.83797,0.0239,0.2169,0.9942,-0.1324,-0.0938,0.0749,0.0495,-0.0382,0.0305,0.23605046,0.214839537,0.0199680799008066,0,0,0
"263",45.855005,0.0239,0.2169,0.9942,-0.0787,-0.0395,0.0561,0.0495,-0.0382,0.0305,0.23605046,0.209922596,0.020216958192917,0,0,0
"264",45.864811,0.0396,0.2421,0.9813,-0.0787,-0.0395,0.0561,0.0495,-0.0382,0.0305,0.22313026,0.205005655,0.0191050111636252,0,0,0
"265",45.866676,0.0396,0.2421,0.9813,-0.0787,-0.0395,0.0561,0.0639,0.012,0.0741,0.22313026,0.201380734,0.0187190115524232,0,0,0
"266",45.872976,0.0396,0.2421,0.9813,-0.2121,0.0036,0.0573,0.0639,0.012,0.0741,0.22313026,0.20513426,0.0259366042003535,0,0,0
"267",45.89188,0.0396,0.2421,0.9813,-0.0272,0.0896,-0.116,0.0639,0.012,0.0741,0.22313026,0.208887786,0.0310435933341648,0,0,0
"268",45.914296,0.0396,0.2421,0.9813,0.0588,0.1172,-0.0149,0.0639,0.012,0.0741,0.22313026,0.212641312,0.0349770373595788,0,0,0
"269",45.932408,0.061,0.2546,0.9583,0.0588,0.1172,-0.0149,0.0639,0.012,0.0741,0.18688105,0.216394838,0.0381021364691654,0,0,0
"270",45.934097,0.061,0.2546,0.9583,0.0588,0.1172,-0.0149,0.0593,0.0068,0.0786,0.18688105,0.223773285,0.038887830191394,0,0,0
"271",45.934827,0.061,0.2546,0.9583,0.0065,0.0859,-0.1197,0.0593,0.0068,0.0786,0.18688105,0.224343594,0.038324409500319,0,0,0
"272",45.951918,0.061,0.2546,0.9583,-0.0243,-0.0518,-0.068,0.0593,0.0068,0.0786,0.18688105,0.224913903,0.0377430073932828,0,0,0
"273",45.971146,0.061,0.2546,0.9583,-0.0518,0.027,0.1793,0.0593,0.0068,0.0786,0.18688105,0.225484212,0.0371427794815963,0,0,0
"274",45.991072,0.061,0.2546,0.9583,-0.001,-0.0888,0.318,0.0593,0.0068,0.0786,0.18688105,0.226054521,0.0365227976082801,0,0,0
"275",45.994947,0.065,0.2316,1.0014,-0.001,-0.0888,0.318,0.0593,0.0068,0.0786,0.26066552,0.22662483,0.0358820378412392,0,0,0
"276",45.996223,0.065,0.2316,1.0014,-0.001,-0.0888,0.318,0.0925,0.0393,0.0997,0.26066552,0.216582892,0.0391955814959382,0,0,0
"277",46.010939,0.065,0.2316,1.0014,0.1035,-0.072,0.36,0.0925,0.0393,0.0997,0.26066552,0.206540954,0.0395091955904041,0,0,0
"278",46.031336,0.065,0.2316,1.0014,0.0344,-0.034,0.1006,0.0925,0.0393,0.0997,0.26066552,0.196499016,0.036899450156179,0,0,0
"279",46.053638,0.065,0.2316,1.0014,-0.0699,-0.0086,-6e-04,0.0925,0.0393,0.0997,0.26066552,0.186457078,0.0306279654186714,0,0,0
"280",46.060655,0.0601,0.2603,0.9598,-0.0699,-0.0086,-6e-04,0.0925,0.0393,0.0997,0.19258414,0.17641514,0.0170436224957541,0,0,0
"281",46.062223,0.0601,0.2603,0.9598,-0.0699,-0.0086,-6e-04,0.1104,-0.0146,0.0816,0.19258414,0.17318134,0.0166992713932873,0,0,0
"282",46.071492,0.0601,0.2603,0.9598,0.1276,0.0785,-0.083,0.1104,-0.0146,0.0816,0.19258414,0.175321836,0.0204199749230377,0,0,0
"283",46.090135,0.0601,0.2603,0.9598,0.2088,0.1191,-0.1464,0.1104,-0.0146,0.0816,0.19258414,0.177462332,0.0233431677306576,0,0,0
"284",46.10997,0.0601,0.2603,0.9598,0.2689,0.2667,-0.1506,0.1104,-0.0146,0.0816,0.19258414,0.179602828,0.0257419885906088,0,0,0
"285",46.128048,0.0718,0.2899,0.9333,0.2689,0.2667,-0.1506,0.1104,-0.0146,0.0816,0.16024614,0.181743324,0.0277527452074521,0,0,0
"286",46.131215,0.0718,0.2899,0.9333,0.2689,0.2667,-0.1506,0.0331,-0.0124,-0.0124,0.16024614,0.18711762,0.0283250269665537,0,0,0
"287",46.132301,0.0718,0.2899,0.9333,0.0949,0.2862,-0.3109,0.0331,-0.0124,-0.0124,0.16024614,0.188041955,0.0274891795922367,0,0,0
"288",46.149916,0.0718,0.2899,0.9333,0.0729,0.2495,-0.0832,0.0331,-0.0124,-0.0124,0.16024614,0.18896629,0.0265914305871228,0,0,0
"289",46.16969,0.0718,0.2899,0.9333,0.1357,0.2224,0.1021,0.0331,-0.0124,-0.0124,0.16024614,0.189890625,0.0256252748415032,0,0,0
"290",46.189463,0.0718,0.2899,0.9333,0.2361,0.1532,0.0439,0.0331,-0.0124,-0.0124,0.16024614,0.19081496,0.0245826480419149,0,0,0
"291",46.192418,0.0967,0.267,0.9661,0.2361,0.1532,0.0439,0.0331,-0.0124,-0.0124,0.2139891,0.191739295,0.0234533537648675,0,0,0
"292",46.193442,0.0967,0.267,0.9661,0.2361,0.1532,0.0439,0.0231,-0.2083,-0.0661,0.2139891,0.186876901,0.0233681897880384,0,0,0
"293",46.209681,0.0967,0.267,0.9661,0.2045,-0.0779,-0.1289,0.0231,-0.2083,-0.0661,0.2139891,0.182014507,0.0221256652325634,0,0,0
"294",46.229771,0.0967,0.267,0.9661,-0.1303,-0.1249,-0.1541,0.0231,-0.2083,-0.0661,0.2139891,0.177152113,0.0195058480169683,0,0,0
"295",46.250006,0.0967,0.267,0.9661,-0.2254,-0.1592,-0.0437,0.0231,-0.2083,-0.0661,0.2139891,0.172289719,0.0147943039242333,0,0,0
"296",46.25681,0.0543,0.2508,0.9506,-0.2254,-0.1592,-0.0437,0.0231,-0.2083,-0.0661,0.16948949,0.167427325,0.00217371277036038,0,0,0
"297",46.25881,0.0543,0.2508,0.9506,-0.2254,-0.1592,-0.0437,-0.0016,0.0118,-0.0429,0.16948949,0.180583349,0.0423771560100267,0,0,0
"298",46.269101,0.0543,0.2508,0.9506,-0.1872,-0.0928,-0.1803,-0.0016,0.0118,-0.0429,0.16948949,0.193739373,0.056588844338716,0,0,0
"299",46.289537,0.0543,0.2508,0.9506,-0.3084,0.0168,-0.3382,-0.0016,0.0118,-0.0429,0.16948949,0.206895397,0.0649934372339844,0,0,0
"300",46.308941,0.0543,0.2508,0.9506,-0.0914,0.1448,-0.2822,-0.0016,0.0118,-0.0429,0.16948949,0.220051421,0.0697235404378427,0,0,0
"301",46.327506,0.0646,0.2772,0.9404,-0.0914,0.1448,-0.2822,-0.0016,0.0118,-0.0429,0.16536516,0.233207445,0.0715120474234255,0,0,0
"302",46.330623,0.0646,0.2772,0.9404,-0.0914,0.1448,-0.2822,-0.1446,-0.0482,-0.0419,0.16536516,0.246775902,0.070067210659642,0,0,0
"303",46.335113,0.0646,0.2772,0.9404,-0.057,0.1418,-0.2373,-0.1446,-0.0482,-0.0419,0.16536516,0.24756992,0.0690801756482727,0,0,0
"304",46.353042,0.0646,0.2772,0.9404,-0.1313,0.0801,0.0893,-0.1446,-0.0482,-0.0419,0.16536516,0.248363938,0.0680685411417063,0,0,0
"305",46.368158,0.0646,0.2772,0.9404,0.0529,0.0147,0.3252,-0.1446,-0.0482,-0.0419,0.16536516,0.249157956,0.0670311933827416,0,0,0
"306",46.388191,0.0787,0.2502,1.016,0.0529,0.0147,0.3252,-0.1446,-0.0482,-0.0419,0.30104973,0.249951974,0.0659669193388568,0,0,0
"307",46.391191,0.0787,0.2502,1.016,0.0529,0.0147,0.3252,-0.059,0.0599,-0.0094,0.30104973,0.237177535,0.0673272051181396,0,0,0
"308",46.392395,0.0787,0.2502,1.016,0.1168,-0.0186,0.4941,-0.059,0.0599,-0.0094,0.30104973,0.219319478,0.0720230093974993,0,0,0
"309",46.407818,0.0787,0.2502,1.016,0.159,-0.034,0.2051,-0.059,0.0599,-0.0094,0.30104973,0.201461421,0.071644859434587,0,0,0
"310",46.428184,0.0787,0.2502,1.016,0.1472,-0.0207,-0.1002,-0.059,0.0599,-0.0094,0.30104973,0.183603364,0.0661057376572443,0,0,0
"311",46.449505,0.0787,0.2502,1.016,-0.0436,-0.0323,-0.1222,-0.059,0.0599,-0.0094,0.30104973,0.165745307,0.0538355076700528,0,0,0
"312",46.453552,0.0561,0.2462,0.9537,-0.0436,-0.0323,-0.1222,-0.059,0.0599,-0.0094,0.17330534,0.14788725,0.0267930193903831,0,0,0
"313",46.455399,0.0561,0.2462,0.9537,-0.0436,-0.0323,-0.1222,-0.1058,0.0828,-0.0312,0.17330534,0.13638581,0.0372966802784153,0,0,0
"314",46.468536,0.0561,0.2462,0.9537,-0.1099,-0.0154,-0.1666,-0.1058,0.0828,-0.0312,0.17330534,0.12488437,0.042074414292184,0,0,0
"315",46.487125,0.0561,0.2462,0.9537,-0.1476,-0.0026,-0.3502,-0.1058,0.0828,-0.0312,0.17330534,0.11338293,0.0430756058898009,0,0,0
"316",46.507643,0.0561,0.2462,0.9537,-0.1349,-0.0051,-0.4761,-0.1058,0.0828,-0.0312,0.17330534,0.10188149,0.0405807443748839,0,0,0
"317",46.532451,0.04,0.235,0.9304,-0.1349,-0.0051,-0.4761,-0.1058,0.0828,-0.0312,0.12246916,0.122834382,0.0967608892042594,0,0,0
"318",46.53468,0.04,0.235,0.9304,-0.1349,-0.0051,-0.4761,-0.2339,0.0882,-0.0262,0.12246916,0.148870892,0.126966676187755,0,0,0
"319",46.536296,0.04,0.235,0.9304,-0.2141,-0.0433,-0.3989,-0.2339,0.0882,-0.0262,0.12246916,0.174907402,0.146191517972144,0,0,0
"320",76.125801,0.0061,0.4016,1.0107,0.2848,0.1504,0.2889,0.0592,0.3307,0.108,0.38283426,0.194229744,0.0994051043775769,0,0,0
"321",76.142815,0.0061,0.4016,1.0107,0.2565,0.1182,0.0094,0.0592,0.3307,0.108,0.38283426,0.170736012,0.0745265678390991,0,0,0
"322",76.154374,-0.0035,0.3801,0.8956,0.2565,0.1182,0.0094,0.0592,0.3307,0.108,0.14658762,0.14724228,0.000690072231002091,0,0,0
"323",76.156278,-0.0035,0.3801,0.8956,0.2565,0.1182,0.0094,0.3601,0.2705,0.0117,0.14658762,0.147373212,0.000676129940647651,0,0,0
"324",76.163086,-0.0035,0.3801,0.8956,-0.0134,0.0181,-0.3737,0.3601,0.2705,0.0117,0.14658762,0.154599798,0.0225848781062737,0,0,0
"325",76.182226,-0.0035,0.3801,0.8956,0.0056,0.0169,-0.5131,0.3601,0.2705,0.0117,0.14658762,0.161826384,0.0300606713789456,0,0,0
"326",76.203567,-0.0035,0.3801,0.8956,-0.0267,-0.0258,-0.4331,0.3601,0.2705,0.0117,0.14658762,0.16905297,0.0343679921690197,0,0,0
"327",76.220656,-0.0191,0.3947,0.8898,-0.0267,-0.0258,-0.4331,0.3601,0.2705,0.0117,0.14789694,0.176279556,0.0366417996966,0,0,0
"328",76.221659,-0.0191,0.3947,0.8898,-0.0267,-0.0258,-0.4331,0.0453,0.0927,0.0086,0.14789694,0.18337521,0.0373973802141406,0,0,0
"329",76.223195,-0.0191,0.3947,0.8898,-0.0224,-0.0459,-0.2978,0.0453,0.0927,0.0086,0.14789694,0.201424122,0.0568613158420664,0,0,0
"330",76.242258,-0.0191,0.3947,0.8898,-0.0654,-0.0348,-0.2601,0.0453,0.0927,0.0086,0.14789694,0.219473034,0.0659085438717406,0,0,0
"331",76.262093,-0.0191,0.3947,0.8898,0.1006,-0.0578,-0.1606,0.0453,0.0927,0.0086,0.14789694,0.237521946,0.068780409964515,0,0,0
"332",76.282924,-0.0191,0.3947,0.8898,0.0597,-0.026,-0.0139,0.0453,0.0927,0.0086,0.14789694,0.255570858,0.0662845016430842,0,0,0
"333",76.286266,0.001,0.3952,0.9288,0.0597,-0.026,-0.0139,0.0453,0.0927,0.0086,0.21885348,0.27361977,0.0577287384657676,0,0,0
"334",76.287088,0.001,0.3952,0.9288,0.0597,-0.026,-0.0139,-0.0491,0.0502,-0.0166,0.21885348,0.295691031,0.0742824146854557,0,0,0
"335",76.304368,0.001,0.3952,0.9288,0.1583,-0.0049,0.1433,-0.0491,0.0502,-0.0166,0.21885348,0.317762292,0.0813671459229315,0,0,0
"336",76.32493,0.001,0.3952,0.9288,0.1055,0.0163,0.0793,-0.0491,0.0502,-0.0166,0.21885348,0.339833553,0.0814911845371871,0,0,0
"337",76.342289,0.001,0.3952,0.9288,0.0196,0.045,-0.0772,-0.0491,0.0502,-0.0166,0.21885348,0.361904814,0.074689218073245,0,0,0
"338",76.350933,-0.0203,0.3894,0.9881,0.0196,0.045,-0.0772,-0.0491,0.0502,-0.0166,0.32838606,0.383976075,0.0585970208543083,0,0,0
"339",76.352196,-0.0203,0.3894,0.9881,0.0196,0.045,-0.0772,0.022,0.0258,-0.1164,0.32838606,0.395094078,0.0574131206161121,0,0,0
"340",76.460391,0.0423,0.4076,1.0352,-0.2819,-0.0063,-1.0524,0.7634,0.2677,0.3221,0.43956609,0.173454108,0.147396925081586,0,0,0
"341",76.480407,0.0423,0.4076,1.0352,-0.3711,-0.1205,-0.7321,0.7634,0.2677,0.3221,0.43956609,0.146397249,0.114220167470548,0,0,0
"342",76.485571,-0.0486,0.4294,0.8264,-0.3711,-0.1205,-0.7321,0.7634,0.2677,0.3221,0.06968328,0.11934039,0.0523431898738412,0,0,0
"343",76.489003,-0.0486,0.4294,0.8264,-0.3711,-0.1205,-0.7321,0.1902,0.1438,0.5175,0.06968328,0.122986523,0.0497031665805894,0,0,0
"344",76.501222,-0.0486,0.4294,0.8264,-0.2782,-0.0718,-1.0117,0.1902,0.1438,0.5175,0.06968328,0.126632656,0.0465988964746377,0,0,0
"345",76.520037,-0.0486,0.4294,0.8264,-0.6131,0.0613,-0.5441,0.1902,0.1438,0.5175,0.06968328,0.130278789,0.0429297877902691,0,0,0
"346",76.539571,-0.0486,0.4294,0.8264,-0.2714,0.0071,0.218,0.1902,0.1438,0.5175,0.06968328,0.133924922,0.038534832935001,0,0,0
"347",76.547419,0.0066,0.4237,0.8885,-0.2714,0.0071,0.218,0.1902,0.1438,0.5175,0.1689975,0.137571055,0.0331263816540034,0,0,0
"348",76.548731,0.0066,0.4237,0.8885,-0.2714,0.0071,0.218,0.0798,-0.2336,0.8966,0.1689975,0.145724386,0.0482858746238905,0,0,0
"349",76.559479,0.0066,0.4237,0.8885,0.1986,-0.3764,-0.4641,0.0798,-0.2336,0.8966,0.1689975,0.153877717,0.0584633900699136,0,0,0
"350",76.579366,0.0066,0.4237,0.8885,0.9675,-0.7917,-1.438,0.0798,-0.2336,0.8966,0.1689975,0.162031048,0.0660051818594956,0,0,0
"351",76.599418,0.0066,0.4237,0.8885,0.7558,-0.1787,-1.685,0.0798,-0.2336,0.8966,0.1689975,0.170184379,0.0717472915844823,0,0,0
"352",76.613562,0.0394,0.4701,0.8268,0.7558,-0.1787,-1.685,0.0798,-0.2336,0.8966,0.10614461,0.17833771,0.0760982091161006,0,0,0
"353",76.614283,0.0394,0.4701,0.8268,0.7558,-0.1787,-1.685,-0.5864,0.5389,0.6383,0.10614461,0.19277633,0.0745607130696231,0,0,0
"354",76.620836,0.0394,0.4701,0.8268,0.2178,0.1977,-0.4855,-0.5864,0.5389,0.6383,0.10614461,0.22137437,0.0907316322337622,0,0,0
"355",76.639751,0.0394,0.4701,0.8268,0.7348,-0.307,0.876,-0.5864,0.5389,0.6383,0.10614461,0.24997241,0.0953295257646165,0,0,0
"356",76.659135,0.0394,0.4701,0.8268,0.8405,0.1092,0.6612,-0.5864,0.5389,0.6383,0.10614461,0.27857045,0.0901430425355318,0,0,0
"357",76.678805,0.0025,0.465,0.9134,0.8405,0.1092,0.6612,-0.5864,0.5389,0.6383,0.25053081,0.30716849,0.0731189304692751,0,0,0
"358",76.680972,0.0025,0.465,0.9134,0.8405,0.1092,0.6612,-0.6319,0.8219,0.1837,0.25053081,0.32132791,0.0746266959115691,0,0,0
"359",76.942283,-0.1406,0.1799,1.04,-0.0591,-0.309,0.8006,-0.7694,0.0101,-0.9887,0.33373237,0.182333975,0.159587920764616,0,0,0
"360",76.944492,-0.1406,0.1799,1.04,-0.0591,-0.309,0.8006,1.1418,-1.2984,-0.8961,0.33373237,0.176260246,0.154252246588124,0,0,0
"361",76.95848,-0.1406,0.1799,1.04,0.0254,-0.0805,0.0805,1.1418,-1.2984,-0.8961,0.33373237,0.170186517,0.148449413991446,0,0,0
"362",76.97699,-0.1406,0.1799,1.04,0.1768,-0.0142,-0.4074,1.1418,-1.2984,-0.8961,0.33373237,0.164112788,0.142122212425553,0,0,0
"363",76.998052,-0.1406,0.1799,1.04,0.2217,0.1013,-0.836,1.1418,-1.2984,-0.8961,0.33373237,0.158039059,0.135197040753392,0,0,0
"364",77.006878,-0.0061,0.2701,0.8706,0.2217,0.1013,-0.836,1.1418,-1.2984,-0.8961,0.0309355800000001,0.15196533,0.127576558213588,0,0,0
"365",77.008511,-0.0061,0.2701,0.8706,0.2217,0.1013,-0.836,0.699,-0.8039,-0.6742,0.0309355800000001,0.17617128,0.124998988305506,0,0,0
"366",77.016863,-0.0061,0.2701,0.8706,0.4991,0.1829,-0.9433,0.699,-0.8039,-0.6742,0.0309355800000001,0.195412371,0.114529287739935,0,0,0
"367",77.036544,-0.0061,0.2701,0.8706,-0.0051,0.0648,-0.7035,0.699,-0.8039,-0.6742,0.0309355800000001,0.214653462,0.0989265294998133,0,0,0
"368",77.056329,-0.0061,0.2701,0.8706,-0.2062,-0.0631,-0.3362,0.699,-0.8039,-0.6742,0.0309355800000001,0.233894553,0.075054970144434,0,0,0
"369",77.074364,-0.0668,0.2872,0.993,-0.2062,-0.0631,-0.3362,0.699,-0.8039,-0.6742,0.27299508,0.253135644,0.025638421631024,0,0,0
"370",77.077706,-0.0668,0.2872,0.993,-0.2062,-0.0631,-0.3362,0.1527,-0.1001,-0.3422,0.27299508,0.248170785,0.0261671045026431,0,0,0
"371",77.079075,-0.0668,0.2872,0.993,-0.3356,0.0881,0.3104,0.1527,-0.1001,-0.3422,0.27299508,0.241340091,0.0278295750181207,0,0,0
"372",77.096217,-0.0668,0.2872,0.993,-0.2671,0.1006,0.3476,0.1527,-0.1001,-0.3422,0.27299508,0.234509397,0.0275783945014587,0,0,0
"373",77.116377,-0.0668,0.2872,0.993,-0.1988,-0.0651,0.1699,0.1527,-0.1001,-0.3422,0.27299508,0.227678703,0.0253567574981283,0,0,0
"374",77.138422,-0.0668,0.2872,0.993,-0.3277,-0.082,0.172,0.1527,-0.1001,-0.3422,0.27299508,0.220848009,0.0205347794804718,0,0,0
"375",77.14132,-0.0682,0.2834,0.9687,-0.3277,-0.082,0.172,0.1527,-0.1001,-0.3422,0.22334649,0.214017315,0.00983381389676708,0,0,0
"376",77.144159,-0.0682,0.2834,0.9687,-0.3277,-0.082,0.172,0.2224,0.1463,-0.0374,0.22334649,0.20598696,0.0239810050943241,0,0,0
"377",77.155816,-0.0682,0.2834,0.9687,-0.2283,-0.0024,-0.0898,0.2224,0.1463,-0.0374,0.22334649,0.197956605,0.0301690198081948,0,0,0
"378",77.175843,-0.0682,0.2834,0.9687,0.0975,0.0324,-0.4679,0.2224,0.1463,-0.0374,0.22334649,0.18992625,0.0331955923025332,0,0,0
"379",77.196031,-0.0682,0.2834,0.9687,0.1501,0.1509,-0.1906,0.2224,0.1463,-0.0374,0.22334649,0.181895895,0.0339178622811086,0,0,0
"380",77.203261,-0.0331,0.3113,0.9522,0.1501,0.1509,-0.1906,0.2224,0.1463,-0.0374,0.20468814,0.17386554,0.032489873136102,0,0,0
"381",77.204966,-0.0331,0.3113,0.9522,0.1501,0.1509,-0.1906,0.1387,-0.0766,-0.0375,0.20468814,0.172710807,0.0314616097409032,0,0,0
"382",77.216567,-0.0331,0.3113,0.9522,0.0403,0.034,-0.0247,0.1387,-0.0766,-0.0375,0.20468814,0.171556074,0.0303498070672511,0,0,0
"383",77.235154,-0.0331,0.3113,0.9522,-0.099,-0.1384,-0.3408,0.1387,-0.0766,-0.0375,0.20468814,0.170401341,0.0291449062614964,0,0,0
"384",77.255103,-0.0331,0.3113,0.9522,-0.1387,-0.0553,-0.4893,0.1387,-0.0766,-0.0375,0.20468814,0.169246608,0.0278348199815455,0,0,0
"385",77.27019,-0.055,0.3163,0.9165,-0.1387,-0.0553,-0.4893,0.1387,-0.0766,-0.0375,0.14304294,0.168091875,0.0264038958538367,0,0,0
"386",77.27476,-0.055,0.3163,0.9165,-0.1387,-0.0553,-0.4893,0.0372,0.1348,0.0484,0.14304294,0.173101662,0.0258704288253953,0,0,0
"387",77.276185,-0.055,0.3163,0.9165,-0.0886,0.085,-0.3355,0.0372,0.1348,0.0484,0.14304294,0.178889478,0.0248527172901846,0,0,0
"388",77.295359,-0.055,0.3163,0.9165,-0.0391,0.0978,-0.2637,0.0372,0.1348,0.0484,0.14304294,0.184677294,0.0221719240663088,0,0,0
"389",77.316076,-0.055,0.3163,0.9165,0.0701,0.1114,-0.1771,0.0372,0.1348,0.0484,0.14304294,0.19046511,0.0170613325358484,0,0,0
"390",77.33517,-0.0574,0.3078,0.9461,0.0701,0.1114,-0.1771,0.0372,0.1348,0.0484,0.19314081,0.196252926,0.00401772447982184,0,0,0
"391",77.339079,-0.0574,0.3078,0.9461,0.0701,0.1114,-0.1771,-0.0733,-0.0653,0.0101,0.19314081,0.197030955,0.00410057287610519,0,0,0
"392",77.34095,-0.0574,0.3078,0.9461,-0.0428,-0.0075,-0.0628,-0.0733,-0.0653,0.0101,0.19314081,0.208431303,0.0348990070739052,0,0,0
"393",77.354753,-0.0574,0.3078,0.9461,-0.2022,-0.0831,-0.0675,-0.0733,-0.0653,0.0101,0.19314081,0.219831651,0.0461546212129144,0,0,0
"394",77.374017,-0.0574,0.3078,0.9461,-0.0512,-0.019,-0.102,-0.0733,-0.0653,0.0101,0.19314081,0.231231999,0.0524760878077016,0,0,0
"395",77.393938,-0.0574,0.3078,0.9461,0.0884,-0.0067,-0.0403,-0.0733,-0.0653,0.0101,0.19314081,0.242632347,0.0555734909073246,0,0,0
"396",77.400578,-0.047,0.3043,0.9519,0.0884,-0.0067,-0.0403,-0.0733,-0.0653,0.0101,0.2009211,0.254032695,0.0559845367881368,0,0,0
"397",77.404234,-0.047,0.3043,0.9519,0.0884,-0.0067,-0.0403,-0.1555,0.049,0.0744,0.2009211,0.238411947,0.0861277934164349,0,0,0
